Septistic,191,3368
open2358,27,1874
Reed_Simon,118,17845
Jenny_Feelings,21274,2520860
Old_Thoughts,2318,187138
EgglMart,11090,1613406
D3tectiveBailey,1043,105205
Insenuious,259,4935
RabbitRevenge,321,34372
YUKC0,9049,74909
Da_pok,549,19792
Realistic_Day,199,13177
MarthaCuIt,91,2934
Cegnite,1451,56093
OldKingKoal,2226,17297
valmerin,201,9380
Onetimeintheforest,324,30149
TheFrivolousFew,181,20209
Merthenia,59,1019
is_times,15,157
CallumCult,415,15693
Enrique_Graves,328,54323
BioSundance,197,6
PHoLOeTE,45,4959
Beurteilung,185,5155
ManipulatedMind,611,74757
1jpn,291,26237
DOLLORTREEBROKER,8,31
MrRealism,16569,351322
sixersy,192,6005
Mulberries,,6672836
Merciless_Night,,
MichaelHultus,411,1423
Corlonisk,,4992
AnomalyAbsense,,19076
Bl_3nD,,
JamfuI,,
Consomnios,,
Loxembrex,,
Slatewalker,,2213
VampGirl122,,
CAR0I,221,6969
Charles_WalterIII,86,993
DrMach,22060,136867
Robert_Void,1052,1571
UpInTheSkyAndClouds,124,7675
Shakraye,4139,3744
EmpressAquilia,220,30845
Mind_Walkers,294,27331
Ct1i,18,1497
EmmettCult,22608,546224
TheUnshelteredFable,388,12577
Bart_Montgomery,388,108151
CharmingHoliday,367,321
AnthonyBalts,164,1043
Jabberwocke,558,19825
KeyOfLies,454,19610
thevarsity,103,3938
zif,1461,12783
vunvr,28,5114
Leptosome,300,65417
Benevolent_Day,1972,39665
ULEANRA,2810,2605
4nn1,255100,7468785
LightToy,608,37638
daelron,754,76864
Gored0n,779,14489
somnl,178,8941
OurBonsaiTree,127,20991
DISM0L,101377,11478
reaperimpaler,274,10779
SethSmiIes,40432,6840323
shalompaz,53,2348
Turtle_Origins,172,5761
Meat_Inc,160,10809
MrAmbrus,426,78890
Powerful_Day,76,262
ClausAconite,11646,13538
OlMrHollywood,214,29877
earthtoguppy,17474,208087
Lars_Bar,5987,237939
Macabre_Day,,23
Comacide,,
ArdenBlackgolden,23,4
Ononutu,,7397
Valoriel,,2913
Beettsy,,89953
nemoy,383,13665
filthco,,6413
Harlotts,,6
WilsonGrey,,9412
Stream_Two,,3106294
soIisoccasum,,
ZeLlth,,
MrsAmnesiary,,
